[{"loanee":"KK4","loanStatusCRM":"unaccepted","loanStatusBM":"unaccepted","loanAmt":"60000"},{"loanee":"KK4","loanStatusCRM":"unaccepted","loanStatusBM":"unaccepted","loanAmt":"50000"},{"loanee":"KK1","loanStatusCRM":"accepted","loanStatusBM":"accepted","loanAmt":"80000"},{"loanee":"KK1","loanStatusCRM":"accepted","loanStatusBM":"accepted","loanAmt":"100000"},{"loanee":"KK1","loanStatusCRM":"unaccepted","loanStatusBM":"unaccepted","loanAmt":"1000000"},{"loanee":"KK3","loanStatusCRM":"unaccepted","loanStatusBM":"unaccepted","loanAmt":"1000000","loanStatus":"rejected"}]