[{"user":"KK1","password":"$2b$10$tpGWscUidA6.M9tPdiC34.SrON03.D8fbWDGJG1apcl4d4/bUXbcW","CRM":"CRM1"},{"user":"KK2","password":"$2b$10$vDsDNjorg.w1nTlS5zw7x.ETqR1CGVX0utvE8qhiqXaHGnQ2TsCsy","CRM":"CRM2"},{"user":"KK3","password":"$2b$10$0FmAG3ARbih6DboJHkkijOKr0oMTd7McC7Wmmg8L/VfnzvCMfaRlC","CRM":"CRM3"},{"user":"KK4","password":"$2b$10$eNO/qIBgzhCLhOkykv15B.1WGBmNXcGns6wBWCDWyDm8ggz5DpLDu","CRM":"CRM4"},{"user":"KK5","password":"$2b$10$WaERygvb87BomDDhlUMRnesU7ge/nGA7gETBVaFURp0BdBmF77UnS","CRM":"CRM1"},{"user":"KK6","password":"$2b$10$1WmsBpkYiMEMWsLOlfp03esj776Fh4p0EctLbU8NmIGNiOjCvlgOy","CRM":"CRM2"},{"user":"KK7","password":"$2b$10$zvdQP08rzXEo6NUf.Ayjqefa9T3PdToA3IQlXflRdfpx1qJIpcpUq","CRM":"CRM3"}]